saved_at,title,company,score,verdict,reason,url
2026-10-09 10:03,Data Engineer,Envision Technology Solutions,68,partial match,"Python, SQL, AWS present but NiFi/Java absent",https://www.naukri.com/job-listings-data-engineer-envision-technology-solutions-tech-think-infotech-jamnagar-ahmedabad-rajkot-surat-vadodara-1-to-3-years-061026503639
2026-10-09 10:03,Data Engineer,Crimson Interactive,68,partial match,"Has Python, Spark, Kafka; missing Hadoop, Tableau, ML",https://www.naukri.com/job-listings-data-engineer-crimson-interactive-pvt-ltd-mumbai-0-to-2-years-071026502881
2026-10-09 10:04,Data Engineer,BIG City Green Residency,70,partial match,"Python, Linux, ClickHouse present; lacks PostgreSQL, TS reading",https://www.naukri.com/job-listings-data-engineer-karya-bengaluru-1-to-3-years-071026503362
2026-10-09 10:04,Data Engineer,Cimplify.ai,78,strong match,"Good ETL, Spark, AWS; missing Java, Azure",https://www.naukri.com/job-listings-data-engineer-cimplify-ai-chennai-1-to-4-years-061026503257
2026-10-09 10:04,Data Engineer Submission Data and Content Generation & Reuse (AIDCG),Hoffmann La Roche,78,good match,"Has PySpark, AWS, GCP, ETL; 1.7 yrs experience",https://www.naukri.com/job-listings-data-engineer-submission-data-and-content-generation-reuse-aidcg-hoffmann-la-roche-hyderabad-1-to-3-years-071026504590
2026-10-09 11:37,Data Engineer,Blumetra Solutions India,85,strong match,"Has Python, SQL, Databricks; missing Snowflake, data structures detail",https://www.naukri.com/job-listings-data-engineer-blumetra-solutions-india-private-limited-hybrid-1-to-3-years-071026504081
2026-10-09 11:47,Data Engineer,Accenture,60,partial match,"Has PySpark, missing 7.5 yrs exp & 15 yrs edu",https://www.naukri.com/job-listings-data-engineer-accenture-solutions-pvt-ltd-bhubaneswar-2-to-4-years-051026934045
2026-10-09 12:59,Data Engineer-LifeScience CL 9,Sigma Allied Services,75,good match,"Has Python, SQL, ETL; missing explicit warehouse/lake",https://www.naukri.com/job-listings-data-engineer-lifescience-cl-9-sigma-allied-services-private-limited-bengaluru-1-to-5-years-081026505542
2026-10-09 12:59,Data Engineer,Tristha Global,60,partial match,2 yrs exp; missing 5-8 yrs requirement,https://www.naukri.com/job-listings-data-engineer-tristha-global-chennai-1-to-4-years-081026506066
2026-10-09 13:01,Data Engineer,Indicia Worldwide,70,partial match,"Has Python, SQL, GCP, AWS; missing Snowflake/Databricks",https://www.naukri.com/job-listings-data-engineer-indicia-worldwide-mumbai-2-to-7-years-081026508472
2026-10-09 13:01,Data Engineer/Solution Lead,Kyvos,87,strong match,"Has Python, SQL, GCP, AWS, Spark; 2 yrs experience",https://www.naukri.com/job-listings-data-engineer-solution-lead-intellicus-technologies-noida-2-to-7-years-051026502326
2026-10-09 13:01,Data engineer,Kanerika Software,55,weak match,"Has Python, SQL, AWS/GCP; missing Databricks/Snowflake/Power BI",https://www.naukri.com/job-listings-data-engineer-kanerika-software-ahmedabad-2-to-3-years-051026501445
2026-10-09 13:02,Data Engineer I,Axis Max Life Insurance,60,partial match,"Has Python, Spark, 2 yrs; missing key AWS services (Redshift, Glue, Lambda)",https://www.naukri.com/job-listings-data-engineer-i-axis-max-life-insurance-limited-gurugram-1-to-3-years-081026508026
2026-10-09 13:02,Big Data Engineer,Hexaware Technologies,65,partial match,"Has Python, PySpark, GCP, AWS; missing Hadoop, Azure, CI/CD",https://www.naukri.com/job-listings-big-data-engineer-hexaware-technologies-navi-mumbai-1-to-6-years-061026503900
2026-10-09 13:03,Azure Data Engineer,Envision Technology Solutions,55,weak match,"Has Python, SQL; missing Azure, ADF, Databricks",https://www.naukri.com/job-listings-azure-data-engineer-envision-technology-solutions-tech-think-infotech-panipat-yamunanagar-faridabad-sonipat-gurugram-hisar-2-to-4-years-061026503647
